# Sequence_ID, Sequence, Prediction, Score
>CancerPPD_1317,KWKLFKKIEKVGQNIRDGIIKAGPAVAVVGQATQIAK,Non AntiCP,0.260000
>CancerPPD_1323,KWKIFKKIEKVGRNIRNGIIKAGPAVAVLGEAKAL,AntiCP,0.580000
>CancerPPD_1426,RGGRLCYCRRRFCVCVGR,Non AntiCP,0.080000
>CancerPPD_1707,ALWKDILKNVGKAAGKAVLNTVTDMVNQ,Non AntiCP,0.460000
>CancerPPD_1803,KWKLFKKIGAVLKVL,Non AntiCP,0.370000
>CancerPPD_1812,ILPWKWPWWPWRR,Non AntiCP,0.470000
>CancerPPD_2846,GLWSKIKEVGKEAAKAAAKAAGKAALGAVSEAV,Non AntiCP,0.110000
>CancerPPD_4111,GLFAVIKKVASVIKKL,AntiCP,0.980000
>AP00026,FKCRRWQWRMKKLGAPSITCVRRAF,AntiCP,0.830000
>AP00035,KSSAYSLQMGATAIKQVKKLFKKWGW,Non AntiCP,0.440000
>AP00054,GIGGALLSAGKSALKGLAKGLAEHFAN,Non AntiCP,0.050000
>AP00201,INLKALAALAKKIL,Non AntiCP,0.480000
>AP00262,GFVDFLKKVAGTIANVVT,Non AntiCP,0.440000
>AP00281,GLLRKGGEKIGEKLKKIGQKIKNFFQKLVPQPEQ,Non AntiCP,0.240000
>AP00283,GIINTLQKYYCRVRGGRCAVLSCLPKEEQIGKCSTRGRKCCRRKK,Non AntiCP,0.040000
>AP00339,FFGWLIKGAIHAGKAIHGLIHRRRH,AntiCP,0.510000
>AP00393,YRGGYTGPIPRPPPIGRPPFRPVCNACYRLSVSDARNCCIKFGSCCHLVK,Non AntiCP,0.330000
>AP00396,RRRPRPPYLPRPRPPPFFPPRLPPRIPPGFPPRFPPRFP,AntiCP,0.590000
>AP00513,FLGGLIKIVPAMICAVTKKC,Non AntiCP,0.050000
>AP00541,IDWKKLLDAAKQIL,Non AntiCP,0.480000
>AP00565,FLIGMTQGLICLITRKC,AntiCP,0.660000
>AP00566,GLFDVVKGVLKGVGKNVAGSLLEQLKCKLSGGC,Non AntiCP,0.110000
>AP00602,FLSLALAALPKLFCLIFKKC,AntiCP,0.730000
>AP00605,ILPILSLIGGLLGK,Non AntiCP,0.400000
>AP00708,GFKRIVQRIKDFLRNLV,AntiCP,0.890000
>AP00723,SLLSLIRKLIT,Non AntiCP,0.410000
>AP00780,GRRRRSVQWCAVSQPEATKCFQWQRNMRKVRGPPVSCIKRDSPIQCIQA,Non AntiCP,0.010000
>AP00871,FLPFLKSILGKIL,AntiCP,0.620000
>AP00878,FLPILASLAAKFGPKLFCLVTKKC,Non AntiCP,0.200000
>AP00964,GLWSKIKEAAKAAGKAALNAVTGLVNQGDQPS,Non AntiCP,0.240000
>AP00979,RECKTESNTFPGICITKPPCRKACISEKFTDGHCSKILRRCLCTKPC,Non AntiCP,0.240000
>AP00984,QICKAPSQTFPGLCFMDSSCRKYCIKEKFTGGHCSKLQRKCLCTKPC,Non AntiCP,0.370000
>AP01123,GTFPCGESCVFIPCLTSAIGCSCKSKVCYKN,Non AntiCP,0.260000
>AP01277,KSCCPNTTGRNIYNACRLTGAPRPTCAKLSGCKIISGSTCPSDYPK,AntiCP,0.800000
>AP01342,SVAGRAQGM,Non AntiCP,0.480000
>AP01414,FLPIIAGIAAKFLPKIFCTISKKC,AntiCP,0.680000
>AP01416,FLPIIAGAAAKVVQKIFCAISKKC,AntiCP,0.560000
>AP01461,ILGKLLSTAAGLLSNL,Non AntiCP,0.350000
>AP01478,PMPVSQECFETLRGHERILSILRHQNLLKELQDLALQGAKERAHQQ,Non AntiCP,0.270000
>AP02111,GFSSIFRGVAKFASKGLGKDLAKLGVDLVACKISKQC,Non AntiCP,0.130000
>AP02136,FIHHIIGWISHGVRAIHRAIHG,AntiCP,0.630000
>AP02137,FLHHIVGLIHHGLSLFGDRAD,AntiCP,0.730000
>AP02296,ILPIRSLIKKLL,AntiCP,0.710000
>AP02297,FLPLKKLRFGLL,AntiCP,0.790000
>AP02309,LKLSPKTKDTLKKVLKGAIKGAIAIASMA,Non AntiCP,0.340000
>AP02318,IKIPSFFRNILKKVGKEAVSLIAGALKQS,Non AntiCP,0.280000
>AP02319,GIFPIFAKLLGKVIKVASSLISKGRTE,Non AntiCP,0.380000
>AP02325,GIPCGESCVFIPCTVTALLGCSCKDKVCYKN,Non AntiCP,0.160000
>AP02326,GVPCAESCVWIPCTVTALLGCSCKDKVCYLN,AntiCP,0.530000
>AP02328,GSVIKCGESCLLGKCYTPGCTCSRPICKKD,Non AntiCP,0.410000
>AP02329,SKWQHQQDSCRKQLQGVNLTPCEKHIMEKIQGRGDDDDDDDDD,Non AntiCP,0.250000
>AP02332,CETPSKHFNGLCIRSSNCASVCHGEHFTDGRCQGVRRRCMCLKPC,Non AntiCP,0.230000
>DRAMP02459,ADDKNPLEECFRETDYEEFLEIARNGLKATSNPKRVV,Non AntiCP,0.130000
>DRAMP02465,ADDINPKEECFFEDDYYEFE,Non AntiCP,0.260000
>DRAMP02466,ADDKNPLEECFCEDDDYCEG,Non AntiCP,0.260000
>DRAMP02488,ADDRNPLEEFRENNYEEFL,AntiCP,0.510000
>DRAMP18132,ADPRNPLEECFRETD,Non AntiCP,0.480000
>dbAMP_00005,AACSDRAHGHICESFKSFCKDSGRNGVKLRANCKKTCGLC,Non AntiCP,0.310000
>dbAMP_00027,AAGGVKKPKKAAAAKKSPKKPKKPAAA,AntiCP,0.500000
>dbAMP_00037,AAKIILNPKFRCKAAFC,Non AntiCP,0.380000
>dbAMP_00056,AAPCFCSGKPGRGDLWILRGTCPGGYGYTSNCYKWPNICCYPH,Non AntiCP,0.340000
>dbAMP_00058,AAPRGGKGFFCKLFKDC,Non AntiCP,0.350000
>dbAMP_00071,AATKPKKAGAEAAPKKPAKKQTKKKPAKKAGGKKKPKRAGAKKAKK,Non AntiCP,0.370000
>dbAMP_00078,ACDFQQCWVTCQRQYSINFISARCNGDSCVCTFRT,Non AntiCP,0.260000
>dbAMP_00081,ACGILHDNCVYVPAQNPCCRGLQCRYGKCLVQV,Non AntiCP,0.240000
>dbAMP_00087,ACNFQSCWATCQAQHSIYFRRAFCDRSQCKCVFVRG,Non AntiCP,0.350000
>dbAMP_00132,ADDKNPLEEFRETNYEVFLEIAKNGLKATSNPKRVVIVGAGMAGLSAAY,Non AntiCP,0.130000
>dbAMP_00145,ADPTFGFTPLGLSEKANLQIMKAYD,AntiCP,0.540000
>dbAMP_00147,ADRDQYELL,Non AntiCP,0.430000
>dbAMP_00172,AEVAPAPAAAAPAKAPKKKAAAKPKKAGPS,AntiCP,0.620000
>dbAMP_00174,AFFARLLASVRAAVKAFAKKPRLIGLSTLL,AntiCP,0.520000
>dbAMP_00184,AFGCPFDQGTCHSHCRSIRRRGRRCASFAKRTCTCYQK,Non AntiCP,0.380000
>dbAMP_00204,AGETHTVMINHAGRGAPKLVVGGKKLS,Non AntiCP,0.340000
>dbAMP_00205,AGFAAQAAASLAPVAAQQL,Non AntiCP,0.400000
>dbAMP_00208,AGFRKRFNKLVKKVKHTIKETANVSKDVAIVAGSGVAVGAAMG,Non AntiCP,0.370000
>dbAMP_00210,AGFVLKGYTKTSQ,Non AntiCP,0.100000
>dbAMP_00219,AGYLLGKINLKALAALAKKIL,Non AntiCP,0.340000
>dbAMP_00230,AIFIFIRWLLKLGHHGRAPP,AntiCP,0.550000
>dbAMP_00257,AIPWIWIWRLLRKG,Non AntiCP,0.300000
>dbAMP_00290,AKAVKPKTAKPKTAKPKTAKA,AntiCP,0.660000
>dbAMP_00291,AKAWGIPPHVIPQIVPVRIRPLCGNV,Non AntiCP,0.330000
>dbAMP_00293,AKEFGIPAAVAGTVLNVVEAGGWVTTIVSI,Non AntiCP,0.320000
>dbAMP_00299,AKITFTNNHPRTIWP,Non AntiCP,0.430000
>dbAMP_00311,AKRGGFWRKVGRKLGKGIRKIGKTIKSQLGKFRPRLQYRYQF,Non AntiCP,0.210000
>dbAMP_00337,ALGTLLKGVGSAVATVGKMVADQFGKLLQAGQG,Non AntiCP,0.250000
>dbAMP_00354,ALPKKLKYLNLFNDGFNYMGVV,Non AntiCP,0.410000
>dbAMP_00369,ALWFTMLKKLGTMALHAGKAALGAAANTISQGTQ,AntiCP,0.670000
>dbAMP_00372,ALWKDILKNVGKAAGKAVLNTVTDMVNQ,Non AntiCP,0.460000
>dbAMP_00402,ALYKKFKKKLLKSLKRLG,AntiCP,0.850000
>dbAMP_00403,ALYLAIRKR,Non AntiCP,0.020000
>dbAMP_00405,ALYNSEDLYEETSDSDD,Non AntiCP,0.090000
>dbAMP_00421,ANDPQCLYGNVAAKF,Non AntiCP,0.340000
>dbAMP_00437,APAGLVAKFGRPIVKKYYKQIMQFIGEGSAINKIIPWIARMWRT,Non AntiCP,0.320000
>dbAMP_00438,APAHRSSTFPKWVTKTERGRQPLRS,Non AntiCP,0.470000
>dbAMP_00440,APAKCTPYCYPTRDGVFCGVRCDFQHHHHHH,Non AntiCP,0.450000
>dbAMP_00465,APPPGYAMESDSFS,AntiCP,0.690000
>dbAMP_00494,AQRCGDQARGAKCPNCLCCGKYGFCGSGDAYCGAGSCQSQCRGCR,Non AntiCP,0.270000
>dbAMP_00499,ARCENFADSYRQPPISSSQT,Non AntiCP,0.410000
>dbAMP_00502,ARDGYIVDEKGCKFACFIN,Non AntiCP,0.240000
>dbAMP_00544,ARTKQTARKSTGGKAPRKQLAT,Non AntiCP,0.380000
>dbAMP_00546,ASAAGAVRAGDDETLLKPVLNSLDNLVSGL,Non AntiCP,0.210000
>dbAMP_00568,ASHLGHHALDHLLK,AntiCP,0.680000
>dbAMP_00570,ASILTNAS,AntiCP,0.500000
>dbAMP_00571,ASITHVKNRGKYIYMHLKFRKTNVLI,Non AntiCP,0.400000
>dbAMP_00602,ATCDLASFSSQWVTPNDSLCAAHCLVKGYRGGYCKNKICHCRDKF,Non AntiCP,0.290000
>dbAMP_00623,ATCDLLSISTPWGSVNHAACAAHCLALNRGFRGGYCSSKAVCTCRK,Non AntiCP,0.430000
>dbAMP_00648,ATFTIRNNCPYTIWAAAVPGGGRRLNSGGTWTINVAPGTA,Non AntiCP,0.440000
>dbAMP_00664,ATITVVNRCSYTVWPGALPGGGVRLDPGQRWALNMPAGTAGAAV,Non AntiCP,0.210000
>dbAMP_00671,ATPTITTSSATCGGIIVAASAAQCPTLACSSRCGKRKK,Non AntiCP,0.310000
>dbAMP_00693,ATYYGNGVYCNKQKCWVDWSRARSEIIDRGVKAYVNGFTKVLG,Non AntiCP,0.380000
>dbAMP_00696,AVAGEKLWLLPHLLKMLLTPTP,AntiCP,0.500000
>dbAMP_00704,AVDLAKIANKVLSSLF,Non AntiCP,0.370000
>dbAMP_00720,AVLDFIKAAGKGLVTNIMEKVG,Non AntiCP,0.380000
>dbAMP_00727,AVPAVRKTNETLD,Non AntiCP,0.300000
>dbAMP_00732,AVPLIYKRPGVYVTKPKGK,Non AntiCP,0.350000
>dbAMP_00737,AVRIGPCDQVCPRIVPERHECCRAHGRSGYAYCSGGGMYCN,Non AntiCP,0.480000
>dbAMP_00756,AWLDKLKSLGKVVGKVALGVAQNYLNPQQ,Non AntiCP,0.120000
>dbAMP_00776,CADLRGKTFCRLFKSYCDKKGIRGRLMRDKCSYSCGCRG,Non AntiCP,0.300000
>dbAMP_00784,CARLNCVPKGTSGNTETCPCYASLHSCRKYG,Non AntiCP,0.360000
>dbAMP_00802,CETPSKHFNGLCIRSSNCASVCHGEHFTDGRCQGVRRRCMCLKPC,Non AntiCP,0.230000
>dbAMP_00803,CEWYNISCQLGNKGQWCTLTKECQRSCK,Non AntiCP,0.360000
>dbAMP_00811,CGESCFLGTCYTKGCSCGEWKLCYGTNGGTIFD,Non AntiCP,0.040000
>dbAMP_00828,CGETCLLGTCYTTGCTCNKYRVCTKDGSVLN,Non AntiCP,0.250000
>dbAMP_00830,CGETCTLGTCYTQGCTCSWPICKRNGLPV,AntiCP,0.690000
>dbAMP_00845,CGGACYCRIPACIAGERRYGTCIYQGRLWAFCC,AntiCP,0.890000
>dbAMP_00855,CHTNGGYCVRAICPPSARRPGSCFPEKNPCCKYM,Non AntiCP,0.370000
>dbAMP_00877,CLAGRLDKQCTCRRSQPSRRSGHEVGRPSPHCGPSRQCGCHMD,Non AntiCP,0.270000
>dbAMP_00880,CLGIGSCNDFAGCGYAIVCFW,AntiCP,0.520000
>dbAMP_00886,CLRIGMRGRELMGGIGKTM,Non AntiCP,0.440000
>dbAMP_00908,CPQTPRCTNYAEKGQCPPN,Non AntiCP,0.200000
>dbAMP_00921,CRLGRGKCRRTCIESEKIAGWCKLNFFCCRERI,Non AntiCP,0.300000
>dbAMP_00931,CSYTMEA,AntiCP,0.590000
>dbAMP_00944,CVHWMTNTARTACIAP,AntiCP,0.650000
>dbAMP_00953,CVLIGQRCDNDRGPRCCSGQGNCVPLPFLGGVCAV,Non AntiCP,0.290000
>dbAMP_00956,CVVSSGWKWNYKIRCKLTGNC,Non AntiCP,0.390000
>dbAMP_00957,CVWGGDCTDFLGCGTAWICV,AntiCP,0.530000
>dbAMP_00967,CYSAAKYPGFQEFINRKYKSSRF,Non AntiCP,0.290000
>dbAMP_00969,DAECEICKFVIQQVEAFIESNHSQAEIQKELNKL,Non AntiCP,0.300000
>dbAMP_00985,DCCRKPFRKHCWDCTAGTPYYGYSTRNIFGCTC,Non AntiCP,0.350000
>dbAMP_01030,DFGCARGMIFVCMRRCARMYPGSTGYCQGFRCMCDTMIPIRRPPFIMG,AntiCP,0.520000
>dbAMP_01065,DHYNCVSSGGQCLYSACPIFTKIQGTCYRGAAKCCK,AntiCP,0.870000
>dbAMP_01071,DICTNCCAGTKGCNTTSANGAFICEGQSDPKKPKACPLNCDPHIAYA,Non AntiCP,0.370000
>dbAMP_01074,DIDITGCSACKYAAG,Non AntiCP,0.490000
>dbAMP_01085,DIPPGIRNTVCFMQRGHCRLFMCRSGERKGDICSDPWNRCCVSSSIKNR,Non AntiCP,0.280000
>dbAMP_01090,DKGRRRSKFVLHRRQCAN,Non AntiCP,0.320000
>dbAMP_01127,DLHIPPPDNKINWPQLSGGGGGSPKTGYDININAQQK,Non AntiCP,0.360000
>dbAMP_01129,DLIWKLLSKAQEKFGKNKSR,Non AntiCP,0.430000
>dbAMP_01142,DLWNSIKDMAAAAGRAALNAVTGMVNQ,Non AntiCP,0.370000
>dbAMP_01158,DPQTECQQCQRRCRQQESDPRQQQYCQRRCKEICEEEEEYN,Non AntiCP,0.370000
>dbAMP_01183,DRCSQQCQHHRDPDRKQQCMRECRRHQGRSD,Non AntiCP,0.320000
>dbAMP_01186,DRCTKRYGRCKRDCLESEKQIDICSLPRKICCTEKLYEEDDMF,Non AntiCP,0.270000
>dbAMP_01204,DSHEERHHGRHGHHKYGRKFHEKHHSHRGYRSNYLYDN,Non AntiCP,0.450000
>dbAMP_01209,DSIRDVSPTFNKIRRWFDGLFK,Non AntiCP,0.430000
>dbAMP_01212,DSLSFSYNNFEEDD,Non AntiCP,0.120000
>dbAMP_01214,DSMGAVKLAKLLIDKMKCEVTKAC,Non AntiCP,0.430000
>dbAMP_01227,DTHISEKIIDCNDIG,AntiCP,0.510000
>dbAMP_01253,DVQCGEGHFCHDQTCCRASQGGACCPYSQGVCCADQRHCCPVGF,Non AntiCP,0.330000
>dbAMP_01262,DWLRIIWDWVCSVVSDFK,Non AntiCP,0.450000
>dbAMP_01265,DWTCWSCLVCAACSVELLNLVTAATGASTAS,Non AntiCP,0.370000
>dbAMP_01289,ECKFTVKPYLKRFQVYYKGRMWCP,Non AntiCP,0.270000
>dbAMP_01292,ECWMDGHCRLLCKDGEDSIIRCRNRKRCC,Non AntiCP,0.330000
>dbAMP_01298,EDGLHPRLCSC,AntiCP,0.510000
>dbAMP_01316,EEKDPVMQYWTCGYRGLCRRFCYAQEYIIGHHGCPRRYRCCAMRF,Non AntiCP,0.440000
>dbAMP_01326,EFELDRICGYGTARCRKKCRSQEYRIGRCPNTYACCLRKWDESLLNRTKP,AntiCP,0.960000
>dbAMP_01425,EKKCPGRCTLKCGKHERPTLPYNCGKYICCVPVKVK,Non AntiCP,0.250000
>dbAMP_01427,EKKPPRPPQWAVGHFMM,AntiCP,0.910000
>dbAMP_01461,ELYENKPRRPYIL,Non AntiCP,0.430000
>dbAMP_01480,EPEPSYVGDCGSNGGSCVSSYCPYGNRLNYFCPLGRTCCRHAYV,Non AntiCP,0.090000
>dbAMP_01481,EPFKISIHL,AntiCP,0.900000
>dbAMP_01501,EQEENVVKIQAFWKGYKQRKEYM,Non AntiCP,0.340000
>dbAMP_01537,ESILIVHQQQSRSSGS,AntiCP,0.500000
>dbAMP_01563,EVERKHPLGGSRPGRCPTVPPGTFGHCACLCTGDASEPKGQKCCSN,Non AntiCP,0.290000
>dbAMP_01573,EWEPVQNGGSSYYMVPRIWA,Non AntiCP,0.470000
>dbAMP_01575,EWKLPDLIINHITLTRRNCNKYRCG,Non AntiCP,0.420000
>dbAMP_01581,EYHLMNGANGYLTRVNGKTVYRVTKDPVSAVFGVISNCWGSAGAGFGPQH,Non AntiCP,0.210000
>dbAMP_01593,FALGAVTKLLPSLLCMITRKC,AntiCP,0.510000
>dbAMP_01596,FALLGDFFRKSKEKIGKEFKRIVQRIKDFLRNLVPRTES,AntiCP,0.910000
>dbAMP_01604,FAVWGCADYRGYCRAACFAFEYSLGPKGCTEGYVCCVPNTF,Non AntiCP,0.360000
>dbAMP_01608,FCKSLPLPLSVK,Non AntiCP,0.420000
>dbAMP_01610,FCTCNVKGFNAKNKRGIIYP,Non AntiCP,0.230000
>dbAMP_01627,FEDLPNFGHIQVKVFNHGEHIHH,AntiCP,0.540000
>dbAMP_01635,FFDEKCNKLKGTCKNNCGKNEELIALCQKSLKCCRTIQPCGSIID,Non AntiCP,0.300000
>dbAMP_01646,FFGHLYRGITSVVKHVHGLLSG,Non AntiCP,0.450000
>dbAMP_01651,FFGRLKSVWSAVKHGWKAAKSR,Non AntiCP,0.460000
>dbAMP_01657,FFGTLFKLGSKLIPGVMKLFSKKKER,AntiCP,0.520000
>dbAMP_01658,FFGWLIKGAIHAGKAIHGLIHRRRH,AntiCP,0.510000
>dbAMP_01663,FFHHIFRGIVHVGKTIHKLVTGG,AntiCP,0.900000
>dbAMP_01675,FFLLFLQGAAGNSVLCRIRGGRCHVGSCHFPERHIGRCSGFQACCIRTWG,Non AntiCP,0.370000
>dbAMP_01686,FFPFLLGALGSLLPKIF,AntiCP,0.670000
>dbAMP_01694,FFPIVGKLLFGLFGLL,Non AntiCP,0.350000
>dbAMP_01705,FFPLIPGVRCKILRTC,Non AntiCP,0.490000
>dbAMP_01719,FFRLLFHGVHHGGGYLNAA,AntiCP,0.510000
>dbAMP_01730,FFSMIPKIAGGIASLVKNLG,Non AntiCP,0.110000
>dbAMP_01734,FFWHHIGHALDAAKRVHGMLSG,AntiCP,0.540000
>dbAMP_01755,FHPSLWVLIPQYIQLIRKILKSG,Non AntiCP,0.400000
>dbAMP_01763,FIGAIARLLSKIFGKR,Non AntiCP,0.400000
>dbAMP_01768,FIGALLRPALKLLAGK,AntiCP,0.590000
>dbAMP_01774,FIGKLISAASGLLSHL,Non AntiCP,0.410000
>dbAMP_01776,FIGMIPGLIGGLISAFK,AntiCP,0.840000
>dbAMP_01787,FIGPVLKMATSILPTAICKGFKKC,Non AntiCP,0.430000
>dbAMP_01796,FIHHIIGWISHGVRAIHRAIHG,AntiCP,0.630000
>dbAMP_01801,FILPLIASFLSKFL,AntiCP,0.700000
>dbAMP_01804,FIPGLRRLFATVVPTVVCAINKLPPG,Non AntiCP,0.440000
>dbAMP_01818,FISQIISTAHI,AntiCP,0.830000
>dbAMP_01823,FIVPSIFLLKKAFCIALKKNC,AntiCP,0.510000
>dbAMP_01830,FKCRRWQWRMKKLGAPSITCVRRAF,AntiCP,0.830000
>dbAMP_01836,FKKKKRNIGTFVFFAIALFCTVMFAYLLLTNQYVPIDYNVPRYA,Non AntiCP,0.360000
>dbAMP_01846,FKSWSLCTPGCARTGSFNSYCC,AntiCP,0.530000
>dbAMP_01851,FLAGLIGGLAKML,AntiCP,0.810000
>dbAMP_01901,FLGFLHHLF,AntiCP,0.820000
>dbAMP_01916,FLGGLIKWKWPWWPWRR,Non AntiCP,0.410000
>dbAMP_01942,FLGSLIGAAIPAIKQLLGLKK,Non AntiCP,0.410000
>dbAMP_01944,FLGSLLGLVGKVVPTLFCKISKKC,Non AntiCP,0.200000
>dbAMP_01948,FLGVVFKLASKVFPAVFGKV,AntiCP,0.550000
>dbAMP_01950,FLHHIVGLIHHGLSLFGDRAD,AntiCP,0.730000
>dbAMP_01957,FLKGVINLASKIPSMLCAVLKTC,Non AntiCP,0.360000
>dbAMP_01958,FLKPLFNAALKLLP,AntiCP,0.670000
>dbAMP_01961,FLNALKNFAKTAGKRLKSLLN,Non AntiCP,0.280000
>dbAMP_01987,FLPAVLKVAAHILPTAICAISRRC,AntiCP,0.500000
>dbAMP_02002,FLPFLAKILTGVL,AntiCP,0.820000
>dbAMP_02006,FLPFLIPALTSLISSL,AntiCP,0.700000
>dbAMP_02011,FLPGLECVSGLKIVPTVFCAITRIC,Non AntiCP,0.410000
>dbAMP_02014,FLPGLIKAAVGIGSTIFCKISKKC,Non AntiCP,0.320000
>dbAMP_02020,FLPGVLRLVTKVGPAVVCAITRNC,Non AntiCP,0.370000
>dbAMP_02062,FLPIVASLAANFLPKIICKITKKC,Non AntiCP,0.370000
>dbAMP_02079,FLPKMSTKLRVPYRRGTKDYH,Non AntiCP,0.470000
>dbAMP_02104,FLPLILPSIVTALSSFLKQG,AntiCP,0.610000
>dbAMP_02106,FLPLKKLRFGLL,AntiCP,0.790000
>dbAMP_02133,FLPLVLGALSGILPKIL,AntiCP,0.590000
>dbAMP_02163,FLPVILPVIGKLLNGILGK,Non AntiCP,0.190000
>dbAMP_02166,FLPVLAGLTPSIVPKLVCLLTKKC,AntiCP,0.630000
>dbAMP_02167,FLPVLAGVLSRA,AntiCP,0.620000
>dbAMP_02173,FLRFIGSVIHGIGHLVHHIGVAL,AntiCP,0.500000
>dbAMP_02201,FLSLIPHAINAVSAIAKHFG,Non AntiCP,0.060000
>dbAMP_02247,FLWGLIPGAISAVTSLIKK,Non AntiCP,0.430000
>dbAMP_02248,FMGGLIKAATKALPAAFCAITKKC,AntiCP,0.540000
>dbAMP_02267,FPESSQDLISSLLEK,AntiCP,0.510000
>dbAMP_02281,FPPPGESAVDMSFFYALSNP,Non AntiCP,0.430000
>dbAMP_02320,FSCDVLSFQSKWVSPNHSACAVRCLAQRRKGGKCKNGDCVCR,Non AntiCP,0.260000
>dbAMP_02326,FSLFFPYAALKWLRKLLKK,Non AntiCP,0.460000
>dbAMP_02330,FSTKTRNWFSEHFKKVKEKLKDTFA,AntiCP,0.530000
>dbAMP_02338,FTCDVLGFEIAGTKLNSAACGAHCLALGRTGGYCNSKSVCVCR,Non AntiCP,0.270000
>dbAMP_02340,FTCNSYACKAHCILQGHKSGSCARINLCKCQR,Non AntiCP,0.380000
>dbAMP_02342,FTLKKSQLLLFFLGTINFSLCEEERNAEEERRDYPEEKDVEVEKR,Non AntiCP,0.280000
>dbAMP_02371,FVDLKKIANIINSIFGK,AntiCP,0.870000
>dbAMP_02391,FVRKAFQKGLISQQEANQWLSS,Non AntiCP,0.340000
>dbAMP_02392,FVYGNGVTSILVQAQFLVNGQRRFFYTPDK,Non AntiCP,0.470000
>dbAMP_02393,FWGALAKGALKLIGPGSLFSSFSKKD,AntiCP,0.790000
>dbAMP_02398,FWGAVWKILSKVLPHIPGTVKWLQEKV,AntiCP,0.540000
>dbAMP_02399,FWGFLGKLAMKAVPSLIGGNKSSSK,AntiCP,0.500000
>dbAMP_02401,FWGKLLKLGMHGIGLLHQHLG,AntiCP,0.680000
>dbAMP_02406,FWQKMSFA,AntiCP,0.670000
>dbAMP_02412,GADRCRERCERRHRGDWQGKQRCLMECRRREQEED,Non AntiCP,0.320000
>dbAMP_02416,GAFGDLLKGVAKEAGLKLLNMAQCKLSGNC,Non AntiCP,0.380000
>dbAMP_02421,GAFLKCGESCVYLPCLTTVVGCSCQNSVCYRD,Non AntiCP,0.360000
>dbAMP_02423,GAGSQEERMQGQMEGQDFSHEERFLSMVRE,Non AntiCP,0.470000
>dbAMP_02437,GASPALWGCDSFLGYCRIACFAHEASVGQKDCAEGMICCLPNVF,Non AntiCP,0.310000
>dbAMP_02462,GDCGGTCTWTKDCSICPSWSCWSWSC,AntiCP,0.530000
>dbAMP_02465,GDINGEFTTSPACVYSVMVVSKASSAKCAAGASAVSGAILSAIRC,Non AntiCP,0.290000
>dbAMP_02469,GDVHAQTTWPCATVGVSVALCPTTKCTSQC,Non AntiCP,0.310000
>dbAMP_02480,GEILCNLCTGLINTLENLLTTKGAD,Non AntiCP,0.400000
>dbAMP_02487,GELGRLVYLLDGPGYDPIHCD,Non AntiCP,0.300000
>dbAMP_02505,GFCRCICTRGFCRCICTR,Non AntiCP,0.080000
>dbAMP_02507,GFFAFIPKIISSPLFKTLLSAVGSALSSSGDQE,AntiCP,0.790000
>dbAMP_02514,GFFDLAKKVVGGIRNALGI,Non AntiCP,0.280000
>dbAMP_02515,GFFDRIKALTKNVTLELLNTITCKLPVTPP,Non AntiCP,0.340000
>dbAMP_02516,GFFGKMKEYFKKFGASFKRRFANLKKRL,Non AntiCP,0.400000
>dbAMP_02536,GFFSLIKGVAKIATKGLAKNLGKMGLDLVGCKISKEC,Non AntiCP,0.100000
>dbAMP_02545,GFGCPEDEYECHNHCKNSVGCRGGYCDAGTLRQRCTCYGCNQKGRSIQE,Non AntiCP,0.450000
>dbAMP_02552,GFGCPGDAYQCSEHCRALGGGRTGGYCAGPWYLGHPTCTCSF,Non AntiCP,0.300000
>dbAMP_02555,GFGCPKSALSCSQQCRENNTHSGGYCNGPFNIVCSCY,Non AntiCP,0.340000
>dbAMP_02575,GFGCPWNAYECDRHCVSKGYTGGNCRGKIRQTCHCY,Non AntiCP,0.270000
>dbAMP_02581,GFGSFLGKALKAALKIGADVLGGAPQQ,Non AntiCP,0.410000
>dbAMP_02585,GFGSKPIDSFGLSWL,Non AntiCP,0.460000
>dbAMP_02613,GFKGAFKNVMFGIAKSAGKSALNALACKIDKSC,Non AntiCP,0.230000
>dbAMP_02622,GFLDIINKLGKTFAGHMLDKIKCTIGTCPPSP,Non AntiCP,0.300000
>dbAMP_02635,GFLDVIKHVGKAALGVVTHLINQ,Non AntiCP,0.340000
>dbAMP_02639,GFLGILFHGVHHGRKKALHMNSERRS,AntiCP,0.590000
>dbAMP_02645,GFLGSLLKTGLKVGSNLL,Non AntiCP,0.390000
>dbAMP_02655,GFLSILKKVLPKVMAHMK,AntiCP,0.680000
>dbAMP_02668,GFMDTAKNVAKNVAKNVAVTLLDKLRCKVTGGC,Non AntiCP,0.070000
>dbAMP_02682,GFMSKVANFAKKFAKGGVNAIMNQK,Non AntiCP,0.490000
>dbAMP_02695,GFSPNLPGKGLRIS,Non AntiCP,0.440000
>dbAMP_02702,GFTQGVRNSQSCRRNKGICVPIRCPGSMRQIGTCLGAQVKCCRRK,Non AntiCP,0.120000
>dbAMP_02706,GFWDSVKEGLKNAAVTILNKIKCKISECPPA,Non AntiCP,0.310000
>dbAMP_02730,GGKCTVDWGGQGGGRRLPSPLFCCYKPTRICYLNQETCETETCP,Non AntiCP,0.390000
>dbAMP_02731,GGKPDLRPCHPPCHYIPRPKPR,Non AntiCP,0.420000
>dbAMP_02745,GGLRSLGRKILRAWKKYGPQATPATRQ,Non AntiCP,0.460000
>dbAMP_02758,GGSVPCGESCVFIPCITSLAGCSCKNKVCYYD,Non AntiCP,0.240000
>dbAMP_02771,GGYKNFYGSALRKGFYEGEAGRAIRR,Non AntiCP,0.250000
>dbAMP_02775,GHHPHGHHPHGHHPHGHHHPH,AntiCP,0.950000
>dbAMP_02797,GIFALIKTAAKFVGKNLLKQAGKAGLEHLACKANNQC,Non AntiCP,0.180000
>dbAMP_02812,GIFGKILGVGKKTLCELSGMC,Non AntiCP,0.180000
>dbAMP_02827,GIFPIFAKLLGKVIKVASSLISKGRTE,Non AntiCP,0.380000
>dbAMP_02828,GIFPKIIGKGIKTGIVNGIKSLVKGVGMKVFKAGLNNIGNTGCNEDEC,Non AntiCP,0.210000
>dbAMP_02831,GIFSALAAGVKLLGNTLFKMAGKAGAEHLACKATNQC,Non AntiCP,0.280000
>dbAMP_02849,GIFSKKAGKGFKKKSPKAPTPKATKMASECSEPGQALQEKKKR,Non AntiCP,0.390000
>dbAMP_02862,GIFSLIKGAAQLIGKTVAKEAGKTGLELMACKVTKQC,Non AntiCP,0.040000
>dbAMP_02870,GIFSNMYARTPAGYFRGPAGYAAN,Non AntiCP,0.380000
>dbAMP_02873,GIFSSRKCKTPSKTFKGYCTRDSNCDTSCRYEGYPAGD,Non AntiCP,0.270000
>dbAMP_02885,GIGAILKVLSTGLPALISWIKRKRQQ,AntiCP,0.730000
>dbAMP_02887,GIGAKILGGVKTALKGALKELASTYVN,AntiCP,0.700000
>dbAMP_02939,GIGGKPVQTAFVDNDGIYD,Non AntiCP,0.460000
>dbAMP_02960,GIGKHVGKALKGLKGLLKGLGES,Non AntiCP,0.360000
>dbAMP_02964,GIGRKFLGGVKTTFRCGVKDFASKHLY,Non AntiCP,0.330000
>dbAMP_02967,GIGSALAKAAKLVAGIV,AntiCP,0.530000
>dbAMP_03007,GIINTLQKYYCRVRGAICHPVFCPRRYKQIGTCGLPGTKCCKKP,Non AntiCP,0.210000
>dbAMP_03008,GIINTLQKYYCRVRGGRCAVLSCLPKEEQICKCSTRGRKCCRRKK,Non AntiCP,0.070000
>dbAMP_03036,GILDKLKEFGISAARGVAQSLLNTTASCKLAKTC,Non AntiCP,0.170000
>dbAMP_03039,GILDSFKQFAKGVGKDLIKGAAQGVLSTMSCKLAKTC,Non AntiCP,0.180000
>dbAMP_03043,GILDTFKGVAKGVAKDLAVHMLENLKCKMTGC,Non AntiCP,0.260000
>dbAMP_03049,GILDTIKSIASKVWNSKTVQDLKRKGINWVANKLGVSPQAA,Non AntiCP,0.330000
>dbAMP_03057,GILDVAKTLVGKLRNVLGI,Non AntiCP,0.140000
>dbAMP_03060,GILGKLWEGFKSIV,Non AntiCP,0.490000
>dbAMP_03102,GIMDSVKNAAKNLAGQLLDTIKCKITAC,Non AntiCP,0.100000
>dbAMP_03125,GIMSSLMKKLAAHIAK,AntiCP,0.700000
>dbAMP_03176,GIRCPKSWKCKAFKQRVLKRLLAMLRQHAF,Non AntiCP,0.440000
>dbAMP_03184,GIWDTIKSMGKVFAGKILQNL,Non AntiCP,0.270000
>dbAMP_03186,GIWGTALKWGVKLLPKLVGMAQTKKQ,AntiCP,0.530000
>dbAMP_03187,GIWGTLAKIGIKAVPRVISMLKKKKQ,Non AntiCP,0.400000
>dbAMP_03190,GIWSSIKNLASKAWNSDIGQSLRNKAAGAINKFVADKIGVTPSQAAS,Non AntiCP,0.310000
>dbAMP_03194,GKCNVLCQLKQKLRSIGSGSHIGSVVLPRG,Non AntiCP,0.300000
>dbAMP_03197,GKFSGFAKILKSIAKFFKGVGKVRKGFKEASDLDKNQ,Non AntiCP,0.040000
>dbAMP_03203,GKGLEVIKWKLKHVIQL,Non AntiCP,0.420000
>dbAMP_03218,GKLNLFLSRLEILKLFVGAL,AntiCP,0.520000
>dbAMP_03221,GKLTKDKLKRGAKKALNVASKVAPIVAAGASIAR,Non AntiCP,0.230000
>dbAMP_03228,GKPRPYSPRPTSHPRPIRV,Non AntiCP,0.370000
>dbAMP_03229,GKQYFPKVGGRLSGKAPLAAKTHRRLKP,Non AntiCP,0.330000
>dbAMP_03231,GKREKCLRRNGFCAFLKCPTLSVISGTCSRFQVCCKTLLG,Non AntiCP,0.160000
>dbAMP_03239,GKVWDWIKSTAKKLWNSEPVKELKNTALNAAKNLVAEKIGATPSE,Non AntiCP,0.280000
>dbAMP_03242,GKWGWIYITILFADVGGFKSSRHPEERRVQERRFKRITRGPD,AntiCP,0.520000
>dbAMP_03244,GLADFLNKAVGKVVDFVKS,Non AntiCP,0.440000
>dbAMP_03252,GLASTLGSFLGKFAKGGAQAFLQPK,Non AntiCP,0.440000
>dbAMP_03259,GLEESPGHPGQPGPPGPPGAPGP,AntiCP,0.500000
>dbAMP_03284,GLFDIIKNIVSTL,AntiCP,0.570000
>dbAMP_03313,GLFGKLIKKFGRKAISYAVKKARGKH,AntiCP,0.840000
>dbAMP_03315,GLFGKSSVHGRKYYVDLAGCAKA,Non AntiCP,0.360000
>dbAMP_03340,GLFLDTLKKFAKAGMEAVINPK,Non AntiCP,0.390000
>dbAMP_03403,GLFSVLGSVAKHVVPRVVPVIAEHLG,AntiCP,0.520000
>dbAMP_03408,GLFSVVTGVLKAVGKNVAKNVGGSLLEQLKCKKISGGC,Non AntiCP,0.090000
>dbAMP_03425,GLFTLIKGAAKLIGKTVPKKQARLGMNLWLVKLPTNVKT,Non AntiCP,0.300000
>dbAMP_03436,GLGGAKKNFIIAANKTAPQSVKKTFSCKLYNG,Non AntiCP,0.280000
>dbAMP_03441,GLGSFFKNAIKIAGKVGSTIGKVADAIGNKE,Non AntiCP,0.040000
>dbAMP_03447,GLGSLLGKAFKIGLKTVGKMMGGAPREQ,Non AntiCP,0.240000
>dbAMP_03450,GLGSLVGNALRIGAKLL,Non AntiCP,0.300000
>dbAMP_03451,GLGSVFGRLARILGRVIPKV,Non AntiCP,0.390000
>dbAMP_03455,GLHKVMREVLGYERNSYKKFFLR,Non AntiCP,0.410000
>dbAMP_03463,GLIGSIGKALGGLLVDVLKPKLQAAS,Non AntiCP,0.230000
>dbAMP_03472,GLKDIFKAGLGSLVKGIAAHVAN,Non AntiCP,0.170000
>dbAMP_03475,GLKDWVKIAGGWLKKKGPGILKAAMAAATQ,AntiCP,0.550000
>dbAMP_03477,GLKDWWNKHKDKIIDVVKEMGKAGLQAA,Non AntiCP,0.240000
>dbAMP_03482,GLKEVAHSAKKFAKGFISGLTGS,AntiCP,0.500000
>dbAMP_03486,GLLASLGKVFGGYLAEKLKPK,Non AntiCP,0.460000
>dbAMP_03489,GLLCYCGKGHCKRGERVRGTCGIRFLYCCPRR,Non AntiCP,0.180000
>dbAMP_03498,GLLDFVTGVGKDIFAQLIKQI,Non AntiCP,0.370000
>dbAMP_03557,GLLGSIGNAIGAFIANKLKPK,Non AntiCP,0.370000
>dbAMP_03592,GLLSALRKMIPHILSHIKK,AntiCP,0.580000
>dbAMP_03628,GLLSGTSVRGSI,Non AntiCP,0.360000
>dbAMP_03692,GLMSVLGHAVGNVLGGLFKS,Non AntiCP,0.490000
>dbAMP_03696,GLNALKKVFQGIHEAIKLINNHVQ,Non AntiCP,0.230000
>dbAMP_03712,GLPRKILCAIAKKKGKCKGPLKLVCKC,Non AntiCP,0.320000
>dbAMP_03745,GLPWGCPSDIPGWNTPWAC,AntiCP,0.680000
>dbAMP_03746,GLPWILLRWLFFRG,AntiCP,0.640000
>dbAMP_03751,GLRKKFRKTRKRIQKLGRKIGKTGRKVWKAWREYGQIPYPCRI,Non AntiCP,0.170000
>dbAMP_03756,GLRKRLRKFRNKIKEKLKKIGQKIQGFVPKLAPRTDY,Non AntiCP,0.310000
>dbAMP_03761,GLRRLFADQLVGRRNI,Non AntiCP,0.450000
>dbAMP_03769,GLSQGVEPDIGQTYFEESRINQD,Non AntiCP,0.250000
>dbAMP_03809,GLWEKVKEKANELVSGIVEGVK,Non AntiCP,0.220000
>dbAMP_03827,GLWQFIKDKFKDAATGLVTGIQS,Non AntiCP,0.400000
>dbAMP_03838,GLWSKIKAAGKEAAKAAAKAAGKAALNAVSEAV,Non AntiCP,0.220000
>dbAMP_03869,GMASKAGSVLGKVAKVALKAAL,Non AntiCP,0.220000
>dbAMP_03871,GMATKAGTAFGKAAKAIIGAAL,Non AntiCP,0.400000
>dbAMP_03873,GMFSVLKNLGKVGLGFVACKINKQC,Non AntiCP,0.170000
>dbAMP_03879,GMLKWKNDFFHFLQVWLLISCQNYFVK,AntiCP,0.540000
>dbAMP_03885,GMSGYIQGIPDFLKGYLHGISAANKHKKGRLGY,Non AntiCP,0.020000
>dbAMP_03895,GNEGGGHGGHGGYGGYHHHGGGGGGYGGYHGGGGS,AntiCP,0.560000
>dbAMP_03901,GNGVVLTLTHECNLATWTKKLKCC,Non AntiCP,0.430000
>dbAMP_03912,GPDSCNHDRGLCRVGNCNPGEYLAKYCFEPVILCCKPLSPTPTKT,Non AntiCP,0.010000
>dbAMP_03958,GPVGLLSSPGSLPPVGGAP,Non AntiCP,0.420000
>dbAMP_03967,GRADYNFGYGLGRGTRKFFNGIGRWVRKTF,Non AntiCP,0.410000
>dbAMP_03987,GRGREFMSNLKEKLSGVKEKMKNS,Non AntiCP,0.320000
>dbAMP_03988,GRILSFIKGLAEHL,Non AntiCP,0.380000
>dbAMP_03996,GRKSDCFRKSGFCAFLKCPSLTLISGKCSRFYLCCKRIR,Non AntiCP,0.030000
>dbAMP_04006,GRLRNLIEKAGQNIRGKIQGIGRRIKDILKNLQPRPQV,Non AntiCP,0.270000
>dbAMP_04007,GRPNPVNNKPTPHPRL,Non AntiCP,0.340000
>dbAMP_04012,GRRKRQMEARFEPQNRNYRKRELDLEKLFANMPDY,Non AntiCP,0.170000
>dbAMP_04016,GRRRRSVQWCAVSQPEATKCFQWQRNMRKVRGPPVSCIKRDSPIQCIQA,Non AntiCP,0.010000
>dbAMP_04045,GSCGASIAEFNSSQILAKRAPPCRRPRLQNSEDVTHTTLP,Non AntiCP,0.410000
>dbAMP_04051,GSCSCSGTISPYGLRTCRATKTKPSHPTTKETHPQTLPT,Non AntiCP,0.440000
>dbAMP_04053,GSEIRGPCIDRFCRVICRNNGYESGHCNRWARGCSCASWIGR,Non AntiCP,0.400000
>dbAMP_04058,GSGRGSCRSQCMRRHEDEPWRVQECVSQCRRRRGGGD,Non AntiCP,0.300000
>dbAMP_04064,GSIPACGESCFKGKCYTPGCSCSKYPLCAKN,Non AntiCP,0.470000
>dbAMP_04072,GSKILHSAGKFGKAFLGEINKS,Non AntiCP,0.430000
>dbAMP_04074,GSKKPVPIIYCNRRAATGKCQRM,Non AntiCP,0.150000
>dbAMP_04092,GSPEFGWLKKIGKKIERVGQHTRDATIQTIGVAQQAANVAATLKG,AntiCP,0.630000
>dbAMP_04096,GSQLVYREWVGHSNVIKGPP,Non AntiCP,0.320000
>dbAMP_04113,GTCKAECPTWEGICINKAPCVKCCKAQPEKFTDGHCSKILRRCLCTKPC,Non AntiCP,0.400000
>dbAMP_04117,GTFIKQQRKQKQQRHHTSGTRKRMAK,Non AntiCP,0.270000
>dbAMP_04157,GTKRGKLCRISRLAL,Non AntiCP,0.390000
>dbAMP_04183,GTRCGETCFVLPCWSAKFGCYCQKGFCYRN,Non AntiCP,0.440000
>dbAMP_04191,GTWDDIGQGIGRVAYWVGKALGNLSDVNQASRINRKKKH,Non AntiCP,0.400000
>dbAMP_04195,GVARAVARRGVARAVARR,Non AntiCP,0.300000
>dbAMP_04208,GVFDIIKGAGKQLIAHAMEKIAEKVGLNKDGN,Non AntiCP,0.360000
>dbAMP_04227,GVGDLIRKAVSVIKNIV,Non AntiCP,0.320000
>dbAMP_04230,GVGSFIHKVVSAIKNVA,Non AntiCP,0.220000
>dbAMP_04231,GVGYKVVVTTTAAADDDDVV,Non AntiCP,0.370000
>dbAMP_04235,GVIDAAKKVVNVLKNLF,Non AntiCP,0.090000
>dbAMP_04249,GVLATVKNLLIGTGDGAAQSVLKTLSCKLSNDC,Non AntiCP,0.210000
>dbAMP_04254,GVLDIFKDAAKQILAHAAEKQI,Non AntiCP,0.310000
>dbAMP_04275,GVLSAFKNALPGIMKIIV,Non AntiCP,0.480000
>dbAMP_04294,GVTITVKPPFPGCVFYECIANCRSRGYKNGGYCTINGCQCLR,Non AntiCP,0.350000
>dbAMP_04295,GVVDILKGAAKDIAGHLASKVMNKL,Non AntiCP,0.130000
>dbAMP_04300,GVVDTLKNLLMGLL,Non AntiCP,0.330000
>dbAMP_04317,GWASKIGQTLGKIAKVGLKELIQPK,Non AntiCP,0.230000
>dbAMP_04328,GWFGKAFRSVSNFYKKHKTYIHAGLSAATLL,Non AntiCP,0.370000
>dbAMP_04330,GWFKKAWRKVKHAGRRVLDTAKGVGRHYLNNWLNRYRG,AntiCP,0.810000
>dbAMP_04334,GWFKKTFHKVSHAVKSGIHAGQRGCSALGF,Non AntiCP,0.390000
>dbAMP_04340,GWGSFFKKAAHVGKHVGKAALHTYL,AntiCP,0.810000
>dbAMP_04343,GWGSIFKHGRHAAKHIGHAAVNHYL,AntiCP,0.670000
>dbAMP_04347,GWINEEKIQKKIDEP,Non AntiCP,0.430000
>dbAMP_04355,GWKIGKKLEHHGQNIRDGLISAGPAVFAVGQAATIYAAAK,Non AntiCP,0.220000
>dbAMP_04357,GWKKWFNRAKKVGKTVGGLAVDHYLG,Non AntiCP,0.310000
>dbAMP_04358,GWKKWFTKGERLSQRHFA,Non AntiCP,0.470000
>dbAMP_04360,GWKKWLRKGAKHLGQAAIKGLAS,Non AntiCP,0.400000
>dbAMP_04382,GWLPTFGKILRKAMQLGPKLIQPI,Non AntiCP,0.490000
>dbAMP_04386,GWLRKAAKSVGKFYYKHKYYIKAAWQIGKHAL,Non AntiCP,0.230000
>dbAMP_04392,GWMSKIASGIGTFLSGMQQ,Non AntiCP,0.230000
>dbAMP_04404,GWWRRTVDKVRNAGRKVAGFASKACGALGH,Non AntiCP,0.280000
>dbAMP_04410,GYFCPYNGYCDHHCRKKLRWRGGYCGGRWKLTCICVRG,Non AntiCP,0.290000
>dbAMP_04411,GYFPGRPPFPRPFPRPPSRPFPRPPFPGPFPRPYPWR,Non AntiCP,0.380000
>dbAMP_04416,GYGDGCYSEDDLSVCCKKKFKVIGKCFKSVRECQNSGCKYH,Non AntiCP,0.270000
>dbAMP_04423,GYYCPFRQDKCHRHCRSFGRKAGYCGNFLKRTCICVKK,Non AntiCP,0.130000
>dbAMP_04424,HAEHKVKIGVEQKYGQFPQGTEVTYTCSGNYFLM,Non AntiCP,0.270000
>dbAMP_04475,HHHHRFGKIGHELHKGVKKVEKVTHDVNKVTSGVKKVASSIEKAKNV,Non AntiCP,0.350000
>dbAMP_04476,HHHLFGHVGHEVERSLHKVGHKLEHACHEVHKTAKKVQK,AntiCP,0.550000
>dbAMP_04487,HKMDLHWYLRTLEEVVIRALQRFQFR,Non AntiCP,0.370000
>dbAMP_04499,HNKQEGRDHDKSKGHFHRVVIHHKGGKAH,Non AntiCP,0.420000
>dbAMP_04500,HNSSKQWSHWLWHNGIRI,AntiCP,0.510000
>dbAMP_04506,HPLKQYWWRPSI,AntiCP,0.600000
>dbAMP_04517,HSDAVFTDNYTRLRKQMAVKKYLNSILN,Non AntiCP,0.270000
>dbAMP_04524,HSSGYTRPLRKPSRPIFIRPIGCDVCYGIPSSTARLCCFRYGDCCHL,Non AntiCP,0.080000
>dbAMP_04528,HVDKKVADKVLLLKQLRIMRLLTRL,Non AntiCP,0.410000
>dbAMP_04530,HVINLEESFQEPEYENHLA,Non AntiCP,0.410000
>dbAMP_04543,IATQCRIRGGFCRVGSCRFPHIAIGKCATFISCCGRAY,Non AntiCP,0.190000
>dbAMP_04560,IDWKKLLDAAKQIL,Non AntiCP,0.480000
>dbAMP_04561,IDWKKVDWKKVSKKTCKVMLKACKFLG,Non AntiCP,0.040000
>dbAMP_04579,IFGSIYHRKCVVKNRCETVSGHKTCKDLTCCRAVIFRHERPEVCRPQT,Non AntiCP,0.220000
>dbAMP_04595,IGGALGNALNGLGTWANMMNGGGFVNQWQVYANKGKINQYRPY,Non AntiCP,0.360000
>dbAMP_04596,IGGIISFFKRLF,AntiCP,0.690000
>dbAMP_04622,IIGAIAAALPHVINAIKNTFG,AntiCP,0.600000
>dbAMP_04641,IIGPVLGMVGSALGGLLKKIG,Non AntiCP,0.320000
>dbAMP_04643,IIIQYEGHKH,AntiCP,0.590000
>dbAMP_04648,IIPLPLGYFAKKT,AntiCP,0.760000
>dbAMP_04654,IKELLPHLSGIIDSVANAIK,Non AntiCP,0.080000
>dbAMP_04659,IKIPSFFRNILKKVGKEAVSLIAGALKQS,Non AntiCP,0.280000
>dbAMP_04667,IKLSPETKDNLKKVLKGAIKGAIAVAKMV,Non AntiCP,0.410000
>dbAMP_04685,ILELAGNAARDNKKTRIIPRHLQL,Non AntiCP,0.360000
>dbAMP_04686,ILENLLARSTNEDREGSIFDTGPIRRPKPRPRPRPEG,Non AntiCP,0.340000
>dbAMP_04688,ILGAIIPLVSGLLSHL,Non AntiCP,0.440000
>dbAMP_04697,ILGIITSLLKSLGKK,Non AntiCP,0.330000
>dbAMP_04716,ILGPVISKIGGVLGGLLKNL,AntiCP,0.620000
>dbAMP_04724,ILGPVLGLVSDTLDDVLGIL,Non AntiCP,0.250000
>dbAMP_04761,ILPIRSLIKKLL,AntiCP,0.710000
>dbAMP_04771,ILQKAVLDCLKAAGSSLSKAAITAIYNKIT,Non AntiCP,0.370000
>dbAMP_04800,INNWVRVPPCDQVCSRSNPEKDECCRAHGHAFHAHCNGGMNCYRR,Non AntiCP,0.350000
>dbAMP_04809,INWDILIDTIKDKL,Non AntiCP,0.490000
>dbAMP_04813,INWKKIAEIGKQVLSAL,Non AntiCP,0.260000
>dbAMP_04816,INWKKIFEKVKNLV,Non AntiCP,0.000000
>dbAMP_04826,IPAMEPAARVKRSPGYGGCSPRWACGGYG,AntiCP,0.690000
>dbAMP_04841,IPLRGAFINGRWDSQCHRFSNGAIACA,Non AntiCP,0.350000
>dbAMP_04847,IPWKLPATFRPVERPFSKPFCRKD,Non AntiCP,0.440000
>dbAMP_04868,IRPRPTARPPYINRPPNPFKPRW,Non AntiCP,0.400000
>dbAMP_04872,ISCQDVKQSLAPCLPYVTGRAPKPA,Non AntiCP,0.330000
>dbAMP_04874,ISDYSIAMDKIRQQDFVNWLLAQKGKKSDWKHNITQ,Non AntiCP,0.400000
>dbAMP_04876,ISLEICAIFHDN,AntiCP,0.570000
>dbAMP_04879,ISQSDAILSAIWSGIKSLF,Non AntiCP,0.230000
>dbAMP_04880,ISRLAGLLRKGGEKIGEKLKKIGQKIKNFFQKLVPQPE,Non AntiCP,0.300000
>dbAMP_04885,ITAISLCTPGCKTGALMGCNMKTATCNCSIHVSK,Non AntiCP,0.080000
>dbAMP_04891,ITCQQVTSELGPCVPYLTGQGIP,Non AntiCP,0.410000
>dbAMP_04894,ITIPPIIKDTLKKFFKGGIAGVMGKSQ,Non AntiCP,0.400000
>dbAMP_04901,ITPATPFTPAIITEITAAVIA,Non AntiCP,0.440000
>dbAMP_04925,IWDAIFHGAKHFLHRLVNPGGKDAVKDVQQKQ,Non AntiCP,0.320000
>dbAMP_04928,IWLTALKFLGKHAAKHLAKQQLSKL,AntiCP,0.570000
>dbAMP_04933,IWSFLIKAATKLLPSLFGGGKKDS,AntiCP,0.540000
>dbAMP_04959,KAYSMPRCKGGFRAVMCWL,Non AntiCP,0.230000
>dbAMP_04965,KCNTATCATQRLANFLVHSSNNFGAILSSTNVGSNTY,Non AntiCP,0.370000
>dbAMP_04971,KCSWWNASCHLGNNGKICTVSHECAAGCNL,Non AntiCP,0.290000
>dbAMP_04980,KDLHTVVSAILQAL,AntiCP,0.510000
>dbAMP_04982,KDRPKKPGLCPPRPQKPCVKECKNDDSCPGQQKCCNYGCKDECRDPIFVG,Non AntiCP,0.070000
>dbAMP_04991,KFCEKPSGTWSGVCGNSGACKDQCIRLEGAKHGSCNYKLPAHRCICYYEC,Non AntiCP,0.360000
>dbAMP_04994,KFEPPLPPKKAHKKFWEDDGIYYPPNHNFP,Non AntiCP,0.410000
>dbAMP_05022,KGAPCAKKPCCGPLGHYKVDCSTIPDYPCCSKYGFCGSGPQYCG,Non AntiCP,0.290000
>dbAMP_05028,KGGSGVIHTISHECNMNSWQFVFTCCS,Non AntiCP,0.240000
>dbAMP_05042,KGLSGPGGWWGFV,Non AntiCP,0.290000
>dbAMP_05066,KICEALSGNFKGLCLSSRDCGNVCRREGFTDGSCIGFRLQCFCTKPCA,Non AntiCP,0.190000
>dbAMP_05067,KICERASGTWKGICIHSNDCNNQCVKWENAGSGSCHYQFPNYMCFCYFDC,Non AntiCP,0.300000
>dbAMP_05089,KIKIPWGKVKDFLVGGMKAV,Non AntiCP,0.450000
>dbAMP_05096,KIMAKPSKFYEQLRGR,Non AntiCP,0.340000
>dbAMP_05112,KKCGFFCKLKNKLKSTGSRSNIAAGTHGGTFRV,Non AntiCP,0.440000
>dbAMP_05113,KKCKFFCKVKKKIKSIGFQIPIVSIPFK,Non AntiCP,0.450000
>dbAMP_05124,KKKKPLFGLFFGLF,AntiCP,0.730000
>dbAMP_05135,KKLKLALAKLAPLWKALALKLKKA,AntiCP,0.980000
>dbAMP_05143,KKSCHTGLDRSAGWVIPIGTLVKKAILPWDRK,Non AntiCP,0.380000
>dbAMP_05151,KKVWFIFHVCPKLKQRIL,AntiCP,0.580000
>dbAMP_05154,KKWGWLAWVEPAGEFLKGFGKGAIKEGNKDKWKNI,Non AntiCP,0.330000
>dbAMP_05165,KLALKALKALKAALKLA,AntiCP,1.000000
>dbAMP_05178,KLGFENFLVKALKTVMHVPTSPLL,Non AntiCP,0.410000
>dbAMP_05190,KLSPSLGPVSKGKLLAGQR,Non AntiCP,0.460000
>dbAMP_05203,KNIGNSVSCLRNKGVCMPGKCAPKMKQIGTCGMPQVKCCKRK,Non AntiCP,0.090000
>dbAMP_05214,KPAWCWYTLAMCGAGYDSGTCDYMYSHCFGIKHHSSGSSSYHC,Non AntiCP,0.350000
>dbAMP_05233,KPVSLSYRCPCRFF,Non AntiCP,0.390000
>dbAMP_05238,KPWRFRRAIRRVRWRKVAPYIPFVVKTVGKK,Non AntiCP,0.360000
>dbAMP_05246,KQIMTQFFNFARSPAVKD,AntiCP,0.580000
>dbAMP_05253,KRDPQQREYEDCRRHCEQQEPRLQYQCQRRCQEQQ,Non AntiCP,0.290000
>dbAMP_05258,KRFKKFFKKLKKSVKKRAKKFFKKPRVIGVSIPF,Non AntiCP,0.450000
>dbAMP_05271,KRGFGKKLRKRLKKFRNSIKKRLKNFNVVIPIPLPG,Non AntiCP,0.350000
>dbAMP_05272,KRGLWESLKRKATKLGDDIRNTLRNFKIKFPVPRQG,Non AntiCP,0.320000
>dbAMP_05273,KRGPNCVGNFLGGLFAGAAAGVPLGPAGIVGGANLGMVGGALTCL,Non AntiCP,0.370000
>dbAMP_05281,KRIGLIRLIGKILRGLRRLG,Non AntiCP,0.440000
>dbAMP_05282,KRIRFFERIRDRLRDLGNRIKNRIRDFFS,Non AntiCP,0.230000
>dbAMP_05292,KRMGIFHLFWAGLRKLGNLIKNKIQQGIENFLG,Non AntiCP,0.260000
>dbAMP_05294,KRRGSVTTRYQFLMIHLLRPKKLFA,AntiCP,0.550000
>dbAMP_05299,KRSKLLLGIGILVLLIIVILGVPLIIFTIKKKKKK,Non AntiCP,0.370000
>dbAMP_05315,KSCCKSTLGRNCYNLCRARGAQKLCANVCRCKLTSGLSCPKDFPK,Non AntiCP,0.250000
>dbAMP_05352,KSCCRSTTARNIYNGCRVPGTARPVCAKKSGCKIQEAKKCEPPYD,Non AntiCP,0.320000
>dbAMP_05360,KSLRPRCWIKIKFRCKSLKF,Non AntiCP,0.140000
>dbAMP_05386,KTCMTKKEGWGRCLIDTTCAHSCRKYGYMGGKCQGITRRCYCLLNC,Non AntiCP,0.240000
>dbAMP_05400,KTKQQFLIKAQTQLFKVFGYTL,Non AntiCP,0.270000
>dbAMP_05409,KVCYRAIPCGESCVWIPCISAAIGCSCKN,AntiCP,0.930000
>dbAMP_05446,KVNANAIKKGGKAIGKGFKVISAASTAHDVYEHIKNRRH,Non AntiCP,0.340000
>dbAMP_05452,KVSGGEAVAAIGICATASAAIGGLAGATLVTPYCVGTWGLIRSH,Non AntiCP,0.330000
>dbAMP_05454,KVTKSVKSIPVKI,AntiCP,0.630000
>dbAMP_05489,KWKKFIKKIGIGAVLKVLTTGLPALKLTKK,AntiCP,0.560000
>dbAMP_05545,KWRRWVRWI,Non AntiCP,0.120000
>dbAMP_05548,KWYFRVYYRGIYYRRYR,Non AntiCP,0.400000
>dbAMP_05549,KYALMKKIAELIPNLKSRQVK,Non AntiCP,0.410000
>dbAMP_05556,KYYGNGLSCSKKGCTVNWGQAFSCGVNRVATAGHHKC,Non AntiCP,0.230000
>dbAMP_05558,KYYGNGVHCGKHSCTVDWGTAIGCIGNNAAANWATGGNAGWNKC,Non AntiCP,0.230000
>dbAMP_05562,KYYGNGVHCTKSGCSVNWGEAASAGIHRLANGGNGFW,Non AntiCP,0.280000
>dbAMP_05595,LAHQKPFIRKSYKCLHKRCR,Non AntiCP,0.290000
>dbAMP_05645,LDVKKIICVACKIKPNPACKKICPK,Non AntiCP,0.450000
>dbAMP_05714,LFAKINGLKVGPLKIQIV,AntiCP,0.620000
>dbAMP_05715,LFCKGGSCHFGGCPSHLIKVGSCFGFRSCCAWPWNA,Non AntiCP,0.080000
>dbAMP_05737,LGAWLAGKVAGTVATYAWNRYV,Non AntiCP,0.380000
>dbAMP_05752,LGPALITRKPLKGKP,Non AntiCP,0.360000
>dbAMP_05782,LIQRGRFGRFLGRIRRFRPRINFDIRARGSIRLG,Non AntiCP,0.330000
>dbAMP_05788,LKIPGFVKDTLKKVAKGIFSAVAGAMTPS,AntiCP,0.500000
>dbAMP_05790,LKKLKGRVSRSFLFFVKLRPAKRTLKKRIL,Non AntiCP,0.480000
>dbAMP_05831,LLFGKIISRLLGN,AntiCP,0.600000
>dbAMP_05853,LLGRCKVKSNRFHGPCLTDTHCSTVCRGEGYKGGDCHGLRRRCMCLC,Non AntiCP,0.030000
>dbAMP_05877,LLSLALAALPKLFCLIFKKC,AntiCP,0.630000
>dbAMP_05885,LMCTHPLDCSN,AntiCP,0.520000
>dbAMP_05886,LMDIFKVAVNKLLAAGMNKPRCKAAHC,Non AntiCP,0.270000
>dbAMP_05899,LNWGAILKHIIK,AntiCP,0.580000
>dbAMP_05917,LPFFLLSLIPSAISAIKKI,AntiCP,0.520000
>dbAMP_05950,LPSDATLVLDQTGKELDARL,Non AntiCP,0.290000
>dbAMP_05956,LQDAALGWGRRCPQCPRCPSCPSCPRCPRCPRCKCNPK,Non AntiCP,0.090000
>dbAMP_05972,LQSNININTAAAVILIFNQVQVGALCAPTPVSGGGPVP,Non AntiCP,0.270000
>dbAMP_05997,LRHKVYGYCVLGP,Non AntiCP,0.480000
>dbAMP_06012,LRPAVIVRTKAL,AntiCP,0.510000
>dbAMP_06014,LRQSQFVGSR,AntiCP,0.660000
>dbAMP_06021,LRVRRTLQCSCRRVCRNTCSCIRLSRSTYAS,Non AntiCP,0.280000
>dbAMP_06027,LSCDEGMLAVGGLGAVGGPWGAAVGVLVGAALYCF,Non AntiCP,0.280000
>dbAMP_06045,LSSGRPDGFIHVQGHLQEVD,AntiCP,0.520000
>dbAMP_06059,LTCEIDRSLCLLHCRLKGYLRAYCSQQKVCRCVQ,Non AntiCP,0.250000
>dbAMP_06060,LTCNIDRSFCLAHCLLRGYKRGFCTVKKICVCRH,Non AntiCP,0.340000
>dbAMP_06066,LTTKLWSSWGYYLGKKARWNLKHPYVQF,Non AntiCP,0.350000
>dbAMP_06077,LVKDNPLDISPKQVQALCTDLVIRCMCCC,Non AntiCP,0.210000
>dbAMP_06084,LVQRGRFGRFLKKVRRFIPKVIIAAQIGSRFG,Non AntiCP,0.440000
>dbAMP_06096,LYKLVKVVLNM,Non AntiCP,0.390000
>dbAMP_06221,MAGLLRFLLSKGRALYNWAKSHVGKVWEWLKSGATYEQIKEWIENALGWR,Non AntiCP,0.340000
>dbAMP_06657,MDSFQKIEKIGEGTYGVVYKAKDKVSGRLVALKKIRLENESEGVPSTA,Non AntiCP,0.340000
>dbAMP_06739,MEKIANAVKSAIEAGQNQDWTKLGTSILDIVSNGVTELSKIFGF,Non AntiCP,0.210000
>dbAMP_06900,MEVMNNALITKVDEEIGGNAACVIGCIGSCVISEGIGSLVGTAFTLG,Non AntiCP,0.330000
>dbAMP_07374,MGAIAKLVAKFGWPFIKKFYKQIMQFIGQGWTIDQIEKWLKRH,Non AntiCP,0.380000
>dbAMP_07512,MHDFWVLWVLLEYIYNSACSVLSATSSVSSRVLNRSLQVKVVKITN,Non AntiCP,0.250000
>dbAMP_07932,MKIQIKGMKQLSNKEMQKIVGGKSSAYSLQMGATAIKQVKKLFKKWGW,Non AntiCP,0.320000
>dbAMP_08245,MKTFLRLYRSLINKVLHV,Non AntiCP,0.460000
>dbAMP_08312,MKTILRFVAGYDIASHKKKTGGYPWERGKA,Non AntiCP,0.410000
>dbAMP_08389,MKWKIGKKIGIGKFLHSAKKFN,AntiCP,0.800000
>dbAMP_08405,MLAKIKAMIKKFPNPYTLAAKLTTYEINWYKQQYGRYPWERPVA,Non AntiCP,0.390000
>dbAMP_08465,MLWSASMRIFASAFSTRGLGTRMLMYCSLPSRCWRK,Non AntiCP,0.380000
>dbAMP_08713,MNFLKNGIAKWMTGAELQAYKKKYGCLPWEKISC,Non AntiCP,0.340000
>dbAMP_08931,MQFITDLIKKAVDFFKGLFGNK,Non AntiCP,0.410000
>dbAMP_08943,MQKLAEAIAAAVSAGQDKDWGKMGTSIVGIVENGITVLGKIFGF,Non AntiCP,0.290000
>dbAMP_09192,MRTGNAD,Non AntiCP,0.470000
>dbAMP_09440,MTCGQVQGNLAQCIGFLQKGG,Non AntiCP,0.290000
>dbAMP_09458,MTKKNIRPQQVAPVERETISTAKDQSGQVQAQSSVIWGSPVPFAGDDAE,Non AntiCP,0.330000
>dbAMP_09485,MTPFWRGVSLRPIGASCRDDSECITRLCRKRRCSLSVAQE,Non AntiCP,0.070000
>dbAMP_09488,MTPLWRIMNSKPFGAYCQNNYECSTGLCRAGHCSTSHRATSETVNY,Non AntiCP,0.300000
>dbAMP_09498,MTRILPCLFLVLLAAAPLLANPANPLNLKKHHGVF,Non AntiCP,0.370000
>dbAMP_09560,MVALLKSLERRRLMITISTMLQFGLFLIALIGLVIKLIELSNKK,Non AntiCP,0.250000
>dbAMP_09621,MWITNGGVANWYFVLAR,Non AntiCP,0.420000
>dbAMP_09655,NALSMPRNKCNRALMCFG,Non AntiCP,0.420000
>dbAMP_09692,NGNLLGGLLRPVLGVVKGLTGGLGKK,Non AntiCP,0.290000
>dbAMP_09694,NGVQPKY,Non AntiCP,0.170000
>dbAMP_09705,NIGLFTSTCFSSQCFSSKCFTDTCFSSNCFTGRHQCGYTHGSC,Non AntiCP,0.210000
>dbAMP_09722,NKLAYNMGHYAGKATIFGLAAWALLA,Non AntiCP,0.070000
>dbAMP_09730,NLCASLRARHTIPQCKKFGRR,Non AntiCP,0.210000
>dbAMP_09771,NPAGCRFCCGCCPNMIGCGVCCRF,AntiCP,0.500000
>dbAMP_09779,NPKVAHCASQIGRSTAWGAVSGA,Non AntiCP,0.080000
>dbAMP_09805,NRILPTLIGPL,AntiCP,0.600000
>dbAMP_09808,NRWCFAGDD,AntiCP,0.690000
>dbAMP_09809,NRWGDTVLSAASGAGTGIKACKSFGPWGMAICGVGGAAIGGYFGYTHN,Non AntiCP,0.290000
>dbAMP_09811,NRWWQGVVPTVSYECRMNSWQHVFTCC,Non AntiCP,0.300000
>dbAMP_09817,NSMERVEELRKKLQD,AntiCP,0.500000
>dbAMP_09863,PAIYIGATVGPSVWAYLVALVGAAAVTAAN,Non AntiCP,0.430000
>dbAMP_09865,PAQPFRFPKHPQGPQTRPPI,Non AntiCP,0.180000
>dbAMP_09878,PDPAKTAPKKGSKKAVTKA,AntiCP,0.670000
>dbAMP_09881,PDPGQPWQVKAGRPPCYSIPCRKHDECRVGSCSRCNNGLWGDRTCR,Non AntiCP,0.390000
>dbAMP_09885,PEDPQRRYQEEQRRE,Non AntiCP,0.470000
>dbAMP_09925,PIRNWWIRIWEWLNGIRKRLRQRSPFYVRGHLNVTSTPQP,Non AntiCP,0.340000
>dbAMP_09934,PKRKSATKGDEPA,Non AntiCP,0.400000
>dbAMP_09956,PMPVSQECFETLRGHERILSILRHQNLLKELQDLALQGAKERAHQQ,Non AntiCP,0.270000
>dbAMP_09959,PNPKVFFDMTIGGQSAGRIVMEEYA,Non AntiCP,0.440000
>dbAMP_09963,PPCRGIFCRRVGSSSAIARPGKTLSTFITV,Non AntiCP,0.330000
>dbAMP_09964,PPDVHTPPHALWRLHLSLRVCLVRMWIH,AntiCP,0.550000
>dbAMP_09965,PPEAAYGPGNTNSDSGDK,Non AntiCP,0.410000
>dbAMP_09967,PPHKKKLAVYPVFLFYLFLSWFSLIV,AntiCP,0.590000
>dbAMP_09969,PPIQNPSMAPPTQNPYGQPMTPPTQNPYGQPMAPP,Non AntiCP,0.290000
>dbAMP_09972,PPPVIKFNRPFLMWIVERDTRSILFMGKIVNPKAP,Non AntiCP,0.370000
>dbAMP_09987,PQRGEGGRAGNLLREEQEI,Non AntiCP,0.300000
>dbAMP_09990,PRGSPRTEYEAARR,Non AntiCP,0.360000
>dbAMP_10004,PSCVCSGFETSGIHFC,Non AntiCP,0.190000
>dbAMP_10016,PVSRQQCSQRIQGERFNQCRSQMQDGQLQSCCQELQNVEEQCQC,Non AntiCP,0.260000
>dbAMP_10018,PVVDTTGNNPLQQQEEYYV,Non AntiCP,0.380000
>dbAMP_10032,QAFQTFKPDWNKIRYDAMKMQTSLGQMKKRFNL,Non AntiCP,0.230000
>dbAMP_10044,QARATCYCRTGRCATRESLSGVCEISGRLYRLCCR,Non AntiCP,0.240000
>dbAMP_10068,QDYCAQEGQQEVQRKDLSDLERYLRQSRQR,Non AntiCP,0.390000
>dbAMP_10086,QGGQANQ,Non AntiCP,0.290000
>dbAMP_10087,QGIGVGDNDGKRGKR,Non AntiCP,0.250000
>dbAMP_10128,QKIQEIDLQTYLQPQ,Non AntiCP,0.300000
>dbAMP_10170,QLKNLACVTNEGPKWANTYCAAVCHMSGRGAGSCNAKDECVCSMT,Non AntiCP,0.390000
>dbAMP_10172,QLKVDLWGTRSGIQPEQHSSGKSDVRRWRSRY,Non AntiCP,0.280000
>dbAMP_10178,QLPICGETCVLGGCYTPNCRCQYPICVR,Non AntiCP,0.290000
>dbAMP_10192,QNNICKTTSKHFKGLCFADSKCRKVCIQEDKFEDGHCSKLQRKCLCTKNC,Non AntiCP,0.330000
>dbAMP_10199,QPDPNAFYGLM,AntiCP,0.550000
>dbAMP_10200,QPFIPRPIDTCRLRNGICFPGICRRPYYWIGTCNNGIGSCCARGWRS,Non AntiCP,0.410000
>dbAMP_10266,QSHISLCRWCCNCCKANKGCGFCCKF,Non AntiCP,0.480000
>dbAMP_10311,QWGRRCCGWGPGRRYCRRWC,Non AntiCP,0.280000
>dbAMP_10336,RADTQTYQPYNKDWIKEKIYVLLRRQAQQAGK,Non AntiCP,0.270000
>dbAMP_10342,RAIGGGLSSVGGGSSTIKY,Non AntiCP,0.300000
>dbAMP_10360,RCLPAGKTCVRGPMRVPCCGSCSQNKCT,Non AntiCP,0.310000
>dbAMP_10367,RCVCRRGVCRCVCRRGVC,Non AntiCP,0.110000
>dbAMP_10384,RECKAQGRHGTCFRDANCVQVCEKQAGWSHGDCRAQFKCKCIFEC,Non AntiCP,0.240000
>dbAMP_10388,RECQSQSHRYKGACVHDTNCASVCQTEGFSGGKCVGFRGRCFCTKAC,Non AntiCP,0.060000
>dbAMP_10396,RERSKGSKYLYVG,Non AntiCP,0.310000
>dbAMP_10414,RFRPPIRRPPIRPPFNPPFRPPVRPPFRPPFRPPFRPPIGPFPGRR,Non AntiCP,0.210000
>dbAMP_10431,RGGRLCYCRRRFCICV,Non AntiCP,0.190000
>dbAMP_10450,RHCLSQSHRFKGMCVSSNNCANVCRTESFPDGECKSHGLERKCFCKKVC,Non AntiCP,0.200000
>dbAMP_10469,RICRRRSAGFKGPCVSNKNCAQVCMQEGWGGGNCDGPLRRCKCMRRC,Non AntiCP,0.250000
>dbAMP_10481,RIGVLLARLPKLFSLFKLMGKKV,AntiCP,0.550000
>dbAMP_10505,RILTMTKRVKMPQLYKQIVCRLFKTC,Non AntiCP,0.280000
>dbAMP_10509,RIRFPWPWRWPWWPPFRG,Non AntiCP,0.310000
>dbAMP_10514,RISKKKGKGSWIKNGLIKGIKGLGKEISLDVIRTGIDIAGCKIKGEC,Non AntiCP,0.010000
>dbAMP_10520,RKCNFLCKLKEKLRTVITSHIDKVLRPQG,Non AntiCP,0.240000
>dbAMP_10563,RLFRHAFKAVLRL,AntiCP,0.740000
>dbAMP_10573,RLGTALPALLKTLLAGLNG,Non AntiCP,0.390000
>dbAMP_10582,RLPWRWPRRPWRR,AntiCP,0.530000
>dbAMP_10589,RMCKTPSGKFKGYCVNNTNCKNVCRTEGFPTGSCDFHVAGRKCYCYKPCP,Non AntiCP,0.330000
>dbAMP_10591,RMKLNAKKLSFC,Non AntiCP,0.490000
>dbAMP_10598,RNGCIVDPRCPYQQCRRPLYCRRR,Non AntiCP,0.230000
>dbAMP_10613,RPKHPIKHQGLPQEVLNENLLRF,Non AntiCP,0.240000
>dbAMP_10614,RPKPQQFFGLM,AntiCP,0.610000
>dbAMP_10636,RPWAGNGSVHRYTVLSPRLKTQ,Non AntiCP,0.390000
>dbAMP_10642,RQKDKRPYSERKNQYTGPQFLYPPERIPP,Non AntiCP,0.270000
>dbAMP_10644,RQLKSSRRGALVCVRLKLCSAILSRGLSCGMFSCNARR,Non AntiCP,0.320000
>dbAMP_10650,RQRDPQQQYEQCQKRCQRRETEPRHMQICQQRCERRYEKEKRKQQKR,Non AntiCP,0.030000
>dbAMP_10653,RQRVEELSKFSKKGAAARRRK,Non AntiCP,0.390000
>dbAMP_10660,RRGKDSGGPKMGRKDSKGCWRGRPGSGSRPGFGSGIAGASGVNHVGTLPA,Non AntiCP,0.340000
>dbAMP_10704,RRLDRGGVWNLNVNPGTTGARVWARTK,Non AntiCP,0.240000
>dbAMP_10708,RRLHPQHQRFPRERPWPKPLSLPLPRPGPRPWPKPL,AntiCP,0.510000
>dbAMP_10719,RRQRRTSKLMKRGGKLAKLAKKLAKLAK,AntiCP,0.670000
>dbAMP_10721,RRRPRPPYLPRPRPPPFFPPRLPPRIPPGFPPRFPPRFP,AntiCP,0.590000
>dbAMP_10722,RRRRRRPPCEDVNGQCQPRGNPCLRLRGACPRGSRCCMPTVAAH,Non AntiCP,0.270000
>dbAMP_10734,RRSKVRICSRGKNCVSRPGGGSFNDEFIRDHSDGNRFA,Non AntiCP,0.340000
>dbAMP_10737,RRSRRGRGGGRRGGSGGRGGRGGGGRSGAGSSIAGVGSRGGGGGRHYA,Non AntiCP,0.470000
>dbAMP_10747,RRWCFRVCYRGRFCYRKCR,Non AntiCP,0.150000
>dbAMP_10754,RRWVRRVRRWVRRVVRVVRRWVRR,Non AntiCP,0.330000
>dbAMP_10760,RSAVGRHGRRFGLRKHRKH,Non AntiCP,0.050000
>dbAMP_10772,RSHIDIKNGIERCEKVRGMCKTVCDIDEYDYGYCIRWRNQCCI,Non AntiCP,0.290000
>dbAMP_10779,RSTEDIIKSISGGGFLNAMNA,Non AntiCP,0.410000
>dbAMP_10781,RSVCRQIKICRRRGGCYYKCTNRPY,Non AntiCP,0.330000
>dbAMP_10805,RTCQSQSHKFKGACFSDTNCDSVCRTENFPRGQCNQHHVERKCYCERDC,Non AntiCP,0.080000
>dbAMP_10810,RTKRRIKLIKNGVKKVKDILKNNNIIILPGSNEK,Non AntiCP,0.260000
>dbAMP_10818,RVCFAIPLPICH,Non AntiCP,0.270000
>dbAMP_10822,RVCMKGSQHHSFPCISDRLCSNECVKEEGGWTAGYCHLRYCRCQKAC,Non AntiCP,0.380000
>dbAMP_10847,RWCVYAYVRIRGVLVRYRRCW,Non AntiCP,0.160000
>dbAMP_10863,RWKPFKKELKVGRNIRDGIIKAGPAVAVIGQATSIARPTGK,Non AntiCP,0.160000
>dbAMP_10870,RWRFLRKISSVHMFSVKALDDFRQL,Non AntiCP,0.370000
>dbAMP_10908,SASIVKTTIKASKKLCRGFTLTCGCHFTGKK,AntiCP,0.900000
>dbAMP_10930,SDEKASPDKHHRFSLSRYAKLANRLANPKLLETFLSKWIGDRGNRSVK,Non AntiCP,0.400000
>dbAMP_10936,SDKPDVKEVESFDKSKLKKVETQEKNPLPTKETIEQEKKG,Non AntiCP,0.310000
>dbAMP_10940,SDYLNNNPLFPRYDIGNVELSTAYRSFANQKAPGRLNQNWALTADYTYR,Non AntiCP,0.380000
>dbAMP_10961,SFGLCRLRRGFCAHGRCRFPSIPIGRCSRFVQCCRRVW,Non AntiCP,0.330000
>dbAMP_10964,SFHVFPPWMCKSLKKC,Non AntiCP,0.450000
>dbAMP_11006,SGPNGQCGPGWGGCRGGLCCSQYGYCGSGPKYCAH,Non AntiCP,0.270000
>dbAMP_11014,SGRGKTGGKARAKAKTRSSRAGLQFPVGRVHRLLRKGNYAQRVGAGAPVY,Non AntiCP,0.240000
>dbAMP_11019,SGTPEKERESGRLLGVVKRYIVCVRNPCP,Non AntiCP,0.330000
>dbAMP_11026,SGYLPGKEYVYKYKGKVF,Non AntiCP,0.350000
>dbAMP_11044,SILDKIKNVALGVARGAGTGILKALLCKLDKSC,Non AntiCP,0.140000
>dbAMP_11053,SILSTLKDVGISAIKNAGSGVLKTLLCKLNKNCEK,Non AntiCP,0.260000
>dbAMP_11076,SIWEGIKNAGKGFLVSILDKVRCKVAGGCNP,Non AntiCP,0.180000
>dbAMP_11083,SKGKKANKDVELARG,Non AntiCP,0.410000
>dbAMP_11095,SKWQHQQDSCRKQLQGVNLTPCEKHIMEKIQGRGDDDDDDDDD,Non AntiCP,0.250000
>dbAMP_11107,SLFGTFAKMALKGASKLIPHLLPSRQQ,AntiCP,0.570000
>dbAMP_11116,SLGPAIKATRQVCPKATRFVTVSCKKSDCQ,Non AntiCP,0.490000
>dbAMP_11123,SLGVTLGAAGLYTATQTIATQIWKCGAVLTTSAECSRTGNSC,Non AntiCP,0.060000
>dbAMP_11136,SLLSLIRKLIT,Non AntiCP,0.410000
>dbAMP_11178,SMWSGMWRRKLKKLRNALKKKLKGEK,Non AntiCP,0.050000
>dbAMP_11179,SNASVWECCSTGSWVPFTCC,Non AntiCP,0.490000
>dbAMP_11180,SNDIYFNFQR,Non AntiCP,0.330000
>dbAMP_11181,SNDSLWYGVGQEMGKQANCITNHPVKHMIIPGYCSKILG,Non AntiCP,0.080000
>dbAMP_11186,SNMIEGVFAKGFKKASHLFKGIG,Non AntiCP,0.430000
>dbAMP_11197,SPIEPKGEILHRFRRSFCDYNLCVVSCKDSGFIGGYCSELDLCSCTIGWQ,Non AntiCP,0.390000
>dbAMP_11204,SPPNQPSIMTFDYAKTNK,Non AntiCP,0.450000
>dbAMP_11205,SPPSEQLGKSFNF,Non AntiCP,0.320000
>dbAMP_11208,SPRVSRRYGRPFGGRPFVGGQFGGRPGCVCIRSPCPCANYG,Non AntiCP,0.280000
>dbAMP_11228,SRSELIVHQRLF,Non AntiCP,0.490000
>dbAMP_11247,SSLLEKGLDGAKKAVGGLGKLGKDAVEDLESVGKGAVHDVKDVLDSVL,Non AntiCP,0.340000
>dbAMP_11253,SSRRPCRGRSCGPRLRGGYTLIGRPVKNQNRPKYMWV,Non AntiCP,0.270000
>dbAMP_11255,SSSLLNTAWRKFG,AntiCP,0.650000
>dbAMP_11259,SSVITSLGAIVSCYGKT,Non AntiCP,0.320000
>dbAMP_11297,SVQARWEAAFDLDLY,Non AntiCP,0.360000
>dbAMP_11304,SWASMAKKLKEYMEKLKQRA,Non AntiCP,0.400000
>dbAMP_11307,SWFSRTVHNVGNAVRKGIHAGQGVCSGLGL,Non AntiCP,0.380000
>dbAMP_11338,SWLSKTAKKLENSAKKRISEGIAIAIKGGSR,AntiCP,0.690000
>dbAMP_11354,SYKKIDCGGACAARC,AntiCP,0.500000
>dbAMP_11360,SYSMEHFRWGKPV,Non AntiCP,0.350000
>dbAMP_11385,TCHIRRKPKFRKFKLYHEGKFWCP,Non AntiCP,0.420000
>dbAMP_11395,TDDRCERMCQHYHDRREKKQCMKGCRYGESD,Non AntiCP,0.300000
>dbAMP_11417,TFPKCAPTRPPGPKPCDINNFKSKFWHIWRA,Non AntiCP,0.390000
>dbAMP_11433,TITLSTCAILSKPLGNNGYLCTVTKECMPSSCN,Non AntiCP,0.330000
>dbAMP_11448,TKPTLLGLPLGAGPAAGPGKR,Non AntiCP,0.450000
>dbAMP_11455,TLISWIKNKRKQRPRVSRRRRRRGGRRRR,Non AntiCP,0.380000
>dbAMP_11489,TLQPPSALRRRHYHHALPPSRHYPGREAQA,Non AntiCP,0.440000
>dbAMP_11525,TNWKKIGKCYAGTLGSAVLGFGAMGPVGYWAGAGVGYASFC,Non AntiCP,0.230000
>dbAMP_11528,TPALAVVTTVLPAAAVTTAKSV,Non AntiCP,0.460000
>dbAMP_11536,TPGGIDFISGGPHVAQDVLNAIKNFFK,Non AntiCP,0.280000
>dbAMP_11541,TPVVNPPFLQQT,Non AntiCP,0.390000
>dbAMP_11564,TSYGNGVHCNKSKCWIDVSELETYKAGTVSNPKDILWSLKE,Non AntiCP,0.120000
>dbAMP_11574,TTLTLHNLCPYPVWWLVTPNNGGFPIIDNTPVVLG,Non AntiCP,0.430000
>dbAMP_11575,TTPACFTIGLGVGALFSAKFC,Non AntiCP,0.430000
>dbAMP_11576,TTPATPAISILSAYISTNTCPTTKCTRAC,AntiCP,0.520000
>dbAMP_11577,TTPATTSSWTCITAGVTVSASLCPTTKCTSRC,Non AntiCP,0.310000
>dbAMP_11580,TTPLCVGVIIGITASIKICK,Non AntiCP,0.170000
>dbAMP_11604,TVVRRRGRSPRRRTPSPRRAASQSPRRAASQSRESQC,Non AntiCP,0.210000
>dbAMP_11615,TWATIGKTIVQSVKKCRTFTCGCSLGSCSNCN,Non AntiCP,0.290000
>dbAMP_11617,TWLKKRRWKKAKPP,AntiCP,0.500000
>dbAMP_11626,TYMPVEEGEYIVNISYADQPKKNSPFTAKKQPGPKVDLSGVKAYGPG,Non AntiCP,0.300000
>dbAMP_11650,VAKCTEESGGKYFVFCCYKPTRICYMNEQKCESTCIGK,Non AntiCP,0.320000
>dbAMP_11660,VAPIAKYLATALAKWALKQGFAKLKS,AntiCP,0.650000
>dbAMP_11672,VCSCRLVFCRRTELRVGNCLIGGVSFTYCCTRV,Non AntiCP,0.010000
>dbAMP_11678,VDCSPGIWQLDCTHL,Non AntiCP,0.340000
>dbAMP_11689,VDKPDYRPRPWPRNMI,Non AntiCP,0.130000
>dbAMP_11695,VDPDVRAYCKHQCLSTRGDQARKICESVCLRQD,Non AntiCP,0.260000
>dbAMP_11716,VFHAYSARGNYYGNCPANWPSCRNNYKSAGGK,Non AntiCP,0.270000
>dbAMP_11717,VFHAYSARGVRNNYKSAVGPADWVISAVRGFIHG,Non AntiCP,0.400000
>dbAMP_11722,VFIDILDKVENAIHNAAQVGIGFAKPFEKLINPK,Non AntiCP,0.270000
>dbAMP_11728,VFPAHKCICYFP,AntiCP,0.530000
>dbAMP_11750,VGIGGGGGGGGGGSCGGQGGGCGGCSNGCSGGNGGSGGSGSHI,Non AntiCP,0.330000
>dbAMP_11751,VGIGTPIFSYGGGAGHVPEYF,Non AntiCP,0.240000
>dbAMP_11753,VGKTWIKVIRGIGKSKIKWQ,Non AntiCP,0.240000
>dbAMP_11755,VGRFRRLRKKTRKRLKKIGKVLKWIPPIVGSIPLGCG,Non AntiCP,0.040000
>dbAMP_11756,VGRKHSILNCIPYLKKKKIMRL,AntiCP,0.510000
>dbAMP_11763,VGSRYLCTPGSCWKLVCFTTTVK,Non AntiCP,0.040000
>dbAMP_11785,VIPFVASVAAETMQHVYCAASKKMLKLNWKSSDVENHLAKC,Non AntiCP,0.460000
>dbAMP_11791,VISIIPV,Non AntiCP,0.430000
>dbAMP_11795,VIVKAIATLSKKLL,AntiCP,0.670000
>dbAMP_11815,VKLEILGSKGGAKI,Non AntiCP,0.490000
>dbAMP_11817,VKLIQIRIWIQYVTVLQMFSMKTKQ,Non AntiCP,0.330000
>dbAMP_11820,VKSGHYKGPCYHDENCNGVCRDEGYKSGHCSRWGGACWCDT,Non AntiCP,0.340000
>dbAMP_11821,VKSTGRADDDLAVKTKYLPP,AntiCP,0.540000
>dbAMP_11822,VKVGINGFGRIGRLVTRAAFHGKKVEIVAIND,Non AntiCP,0.360000
>dbAMP_11838,VLSIVACSSGCGSGKTAASCVATCGNKCFTNVGSLC,Non AntiCP,0.170000
>dbAMP_11840,VLSKSLCTPGCITGPLQTCYLCFPTFAKC,Non AntiCP,0.330000
>dbAMP_11859,VNYGNGVSCSKTKCSVNWGQAFQERYTAGINSFVSGVASGAGSIGRRP,Non AntiCP,0.240000
>dbAMP_11886,VRDICKKEAERQDLSSCENYITQRRGY,Non AntiCP,0.330000
>dbAMP_11889,VRLEFKLQQTSCRKRDWKKP,Non AntiCP,0.250000
>dbAMP_11904,VSCDFEEANEDAVCQEHCLPKGYTYGICVSHTCSCIYIVELIKWYTNTYT,Non AntiCP,0.270000
>dbAMP_11911,VSFPWSCAALSGVCRQGACLPSELYFGPLGCGKGSLCCVSYFL,Non AntiCP,0.280000
>dbAMP_11914,VSKIKKYLKYKDRI,Non AntiCP,0.480000
>dbAMP_11924,VTCDLLSFEAKGFAANHSICAAHCLAIGRKGGSCQNGVCVCRN,Non AntiCP,0.200000
>dbAMP_11934,VTCFCKRPVCDSGETQIGYCRLGNTFYRLCCRQ,Non AntiCP,0.330000
>dbAMP_11942,VTGELKRDKRVTCNIGEWVCVAHCNSKSKKSGYCSRGVCYCTN,Non AntiCP,0.420000
>dbAMP_11947,VTQPLAPVHNPISV,Non AntiCP,0.450000
>dbAMP_11948,VTSKSLCTPGCITGVLMCLTQNSCVSCNSCIRC,Non AntiCP,0.170000
>dbAMP_11953,VVCACRRALCLPLERRAGFCRIRGRIHPLCCRR,Non AntiCP,0.410000
>dbAMP_11960,VVKCPYRLGSPDSRCN,Non AntiCP,0.350000
>dbAMP_11983,VVYALKRNGRTLYGF,Non AntiCP,0.390000
>dbAMP_11986,VWPLGLVICKALKIC,Non AntiCP,0.310000
>dbAMP_12013,WGHKLRSSWNKVKHAVKKGAGYASGACRVLGH,Non AntiCP,0.440000
>dbAMP_12014,WGIHRILKYGKPS,Non AntiCP,0.450000
>dbAMP_12020,WGWKEVVQNGQTIFSAGQKLGNMVGKIVPLPFG,Non AntiCP,0.370000
>dbAMP_12038,WKSESVCTPGCVTGLLQTCFLQTITCNCKISK,Non AntiCP,0.290000
>dbAMP_12041,WLAFVLV,AntiCP,0.600000
>dbAMP_12050,WLNALLHHGLNCAKGVLA,Non AntiCP,0.210000
>dbAMP_12113,WRSLGRTLLRLSHALKPLARRSGW,Non AntiCP,0.400000
>dbAMP_12119,WTTIVKVSKAVCKTGTCICTTSCSNCK,Non AntiCP,0.290000
>dbAMP_12123,WWRELLKKLAFTAAGHLGSVLAAKQSGW,AntiCP,0.510000
>dbAMP_12178,YDLSKNCRLRGGICYIGKCPRRFFRSGSCSRGNVCCLRFG,Non AntiCP,0.390000
>dbAMP_12196,YGLVLKYCPKIGYCSNTCSKTQIWATSHGCKMYCCLPASWKWK,Non AntiCP,0.460000
>dbAMP_12200,YGQSTHAVIYAQGYTYSSDWR,Non AntiCP,0.430000
>dbAMP_12203,YIRDFITRRPPFGNI,Non AntiCP,0.360000
>dbAMP_12204,YITCLFRGARCRVYSGRSCCFGYYCRRDFPGSIFGTCSRRNF,Non AntiCP,0.080000
>dbAMP_12238,YPCKLNLKLGKVPFHF,Non AntiCP,0.450000
>dbAMP_12245,YPSKPDNPGEDAPAEDLARYYSALRHYINLITRQRY,Non AntiCP,0.350000
>dbAMP_12256,YQEPVLGPVRGPFPIIV,Non AntiCP,0.410000
>dbAMP_12270,YRGGYTGPIPRPPPIGRPPFRPVCNACYRLSVSDARNCCIKFGSCCHLVK,Non AntiCP,0.330000
>dbAMP_12285,YSLKKTSMKIIPFTRL,Non AntiCP,0.350000
>dbAMP_12344,YVPPVQKPHPNGPKFPTFP,Non AntiCP,0.470000
>dbAMP_12355,FFGHLFKLATKIIPSFFRRKNQ,AntiCP,0.640000
>dbAMP_12358,FLFSLIPSAISGLISAFKGRRKRDLN,Non AntiCP,0.370000
>dbAMP_12361,ASVVNKLTGGVAGLLK,Non AntiCP,0.330000
>dbAMP_12362,SGSLSTFFRLFNRGGGWGHFFKKAAHVGKL,Non AntiCP,0.430000
>dbAMP_12363,VLLVTLTRLHQRGVIYRKWRHFSGRKYR,Non AntiCP,0.350000
>dbAMP_12364,KYEITTIHNLFRKLTHRLFRR,Non AntiCP,0.470000
>dbAMP_12366,RRRQRRKKRGGGDTRLNTVWMW,AntiCP,0.570000
>dbAMP_12373,FFRNLWKGAKAAFRAGHAAWRA,AntiCP,0.540000
>dbAMP_12374,GSKRWRKFEKRVKKVFEHTKEALPVIQGVATVVGAVGRR,Non AntiCP,0.240000
>dbAMP_12379,RRFRRTVGLSKFFRKARKKLGKGLQKIKNVLRKYLPRPQYAYA,Non AntiCP,0.210000
>dbAMP_12380,HTLCMDGGATY,Non AntiCP,0.450000
>dbAMP_12381,VNFLLHKIYGNIRYS,AntiCP,0.560000
>dbAMP_12385,FKFGSFIKRMWRSKLAKKLRAKGKELLRDYANRVLSPEEEAAAPAPYPA,Non AntiCP,0.350000
>dbAMP_12386,VGPGAINAGTYLVSRELFER,Non AntiCP,0.270000
>dbAMP_12387,VSGPAGPPGTH,AntiCP,0.540000
